"CID","Result","query"
"10219726","Orange, crystalline solid.
Orange needles from methanol or ethanol.
Camphor-like.
Reported BPs:  480 °F at 760 mmHg (NTP, 1992); 249 °C; 480 °F.
Reported MPs:  343 to 345 °F (sublimes) (NTP, 1992); 173-174 °C; 173 °C; 343 °F.
When heated to decomposition it emits acrid smoke and irritating fumes.","DICYCLOPENTADIENYL IRON"
"10342051","White crystalline solid.
Colorless crystals.
Clear viscous liquid at 23 °C.
Reported BPs:  151-167 °C.
Reported MPs:  59-60.2 °C; 59-60 °C.
When heated to decomposition it emits toxic fumes of /sulfur oxides and hydrogen chloride/.","ESFENVALERATE"
"11125","White, light, alkaline powder.
White monoclinic crystals.
Reported BPs:  1336; Decomposes at 1300 °C.
Reported MPs:  180.5; 723 °C.
1310 °C","LITHIUM CARBONATE"
"11292","COLORLESS TO RED CRYSTALS.
Dark-green crystalline powder.
Reported MPs:  514 to 518 °F (decomposes) (NTP, 1992); 268-270 °C (decomposes).
Destroyed by strong oxidizing agents; readily reduced to leuco-bases with a variety of reducing reagents sensitive to photochemical oxidation.
When heated to decomposition ... emits very toxic fumes of /hydrogen chloride and nitrogen oxides/.","C.I. BASIC RED 9 MONOHYDROCHLORIDE"
"11442","Reported BPs:  BP: 140 °C at 0.1 mm Hg. Vaporizes without decomposition when heated at 150 °C.; at 0.013kPa: 140 °C; at 0.05kPa: 153 °C.
Reported MPs:  ~4 °C.
When heated to decomposition it emits acrid fumes.","D-TRANS-ALLETHRIN"
"11534837","Colorless solid.
Reported BPs:  156 °C at 1 mm Hg.
Reported MPs:  44.6 °C; Off-white; MP: 39-43 °C /Technical/.
When heated to decomposition it emits toxic vapors of /fluorine and chlorine/.","TEFLUTHRIN"
"11954021","Viscous, amber-colored liquid.
Colorless, viscous liquid.
White crystals.
PENETRATING; AROMATIC; SLIGHTLY PUNGENT, LIKE CHLORINE.
NEARLY ODORLESS.
Pungent chlorine-like odor..
Reported BPs:  347 °F at 2 mmHg (EPA, 1998); 175 °C @ 1 mm Hg; at 0.27kPa: 175 °C; decomposes; Decomposes.
Reported MPs:  223-225 °F (cis); 219-221 °F (trans) (NTP, 1992); Melting point: 106-107 °C cis-isomer; 104-105 °C trans-isomer; 217-228 °F.
Hazardous decomposition products: Toxic gases and vapors, such as hydrogen chloride, chlorine, phosgene, and carbon monoxide. ....
Near its boiling point, chlordane decomposes to /chlorine, phosgene, and hydrogen chloride/..
Decomposed by alkalis, with the loss of chlorine. Under u.v. irradiation, a change in the skeletal structure and of the chlorine content occurs.","CHLORDANE"
"11966","Colorless liquid.
Colorless to slight yellow liquid.
Liquid.
Mild aromatic odor.
Reported BPs:  234 °F at 760 mmHg (NTP, 1992); 112 °C (decomposes); BP: 75 °C at 0.2 mm Hg.
Reported MPs:  46 °F (NTP, 1992); 8 °C.
Hazardous decomposition products formed under fire conditions - Carbon oxides..
When heated to decomposition it emits acrid smoke and fumes.","BENZENECARBOPEROXOIC ACID, 1,1-DIMETHYLETHYL ESTER"
"12111","Reported BPs:  Sublimes.
Reported MPs:  162.5 °C.
When heated to decomposition it emits acrid smoke and irritating fumes.","Bisphenol F"
"12310947","Colorless needles.
Brown to white, crystalline solid.
Colorless to dark brown crystalline solid ....
... Mild chemical odor ....
Reported BPs:  293 °F at 2 mmHg (decomposes) (EPA, 1998); 145 °C at 2 mm Hg; at 0.27kPa: 145 °C; decomposes; Decomposes.
Reported MPs:  219 °F for pure product; 120 to 140 °F for technical product. (EPA, 1998); 104 °C; MP: 40-60 °C /TECHNICAL GRADE ALDRIN/; 104-105 °C; 219 °F.
When heated to decomposition it emits toxic fumes of /hydrogen chloride/.","ALDRIN"
"12358480","WHITE, CRYSTALLINE SOLID.
Colorless to tan, crystalline solid ....
Odorless.
... Mild, chemical odor..
Reported BPs:  Decomposes (NTP, 1992); 245 °C (decomposes); Decomposes.
Reported MPs:  Decomposes at 473 °F. (EPA, 1998); Approximately 200 °C (rearranges above that point); 200 °C; 473 °F (decomposes); 392 °F (Decomposes).
Decomposes above 200 °C..
245 °C","ENDRIN"
"12433","Hygroscopic crystals.
Reported BPs:  232-234 °C (decomposition); BP: 195 °C at 250 mm Hg; 130 °C at 16 mm Hg.
Reported MPs:  48 °C.
When heated to decomposition it emits toxic vapors of /bromide./","Dibromoacetic acid"
"12580","Reported BPs:  232.00 to 233.00 °C. @ 760.00 mm Hg.
Reported MPs:  21 - 22 °C","4-N-PROPYLPHENOL"
"1349907","LEAFLETS FROM ALCOHOL.
WHITE TO PALE BUFF, CRYSTALLINE SUBSTANCE; STARCH-LIKE IN APPEARANCE & TO TOUCH.
FAINT, CHARACTERISTIC.
Reported BPs:  280 °C WITH SOME DECOMP.
Reported MPs:  143-146 °C; 146-148 °C; 146 °C.
When heated to decomposition it emits very toxic fumes of nitroxides and sulfoxides.","METHIMAZOLE"
"13836","White cyrstalline solid.
Colorless crystals.
TYPICAL AMINE ODOR.
Fish-like odor.
Reported MPs:  473 °F Decomposes (EPA, 1998); 239 °C (decomposes).
245 °C","CHLORMEQUAT CHLORIDE"
"1480","WHITE SOLID.
LIGHT TAN SOLID.
Colorless to tan crystalline solid..
Odorless.
Odorless..
Reported BPs:  Decomposes (NTP, 1992); Decomposes; No boiling point at normal pressure; decomposes on heating; decomposes.
Reported MPs:  316 °F (NTP, 1992); 153 °C; 153-158 °C; 316 °F; 307 °F.
Toxic gases and vapors /which include/: hydrogen chloride and carbon monoxide..
When heated to decomp it emits toxic fumes of /hydrogen chloride/.","2,4,5-T"
"1486","White to yellow crystalline powder /SRP: yellow color is phenolic impurities/.
Colorless powder.
White to yellow, crystalline ... powder.
Crystals from benzene.
Oodorless.
A slight phenolic odor.
Reported BPs:  Decomposes (NTP, 1992); BP: 160 °C at 4 mm Hg; No boiling point at normal pressure; decomposes on heating; decomposes; Decomposes.
Reported MPs:  280 °F (NTP, 1992); 138 °C; 140.5 °C; 140 °C; 280 °F.
When heated to decomposition it emits toxic fumes of /chlorides/.","2,4-D"
"15530","Colorless crystalline solid.
Faint phenolic /tech grade/.
Odorless when pure.
Reported BPs:  Sublimes at circa 140 °C/0.1 mm Hg.
Reported MPs:  212-213 °C; CREAM POWDER; FAINT PHENOLIC ODOR; MELTING POINT: 200 °C /TECHNICAL PRODUCT/.
When heated to decomposition ... emits toxic fumes of /hydrogen iodide and hydrogen chloride/.","IOXYNIL"
"15558638","Reported BPs:  165-170; at 0.05kPa: 153 °C","D-TRANS-ALLETHRIN"
"15559699","Reported MPs:  160-161.5 °C.
Decomposition products: Toxic gases and vapors which include: hydrogen chloride, and carbon monoxide. /Heptachlor/.
When heated to decomposition, it emits highly toxic fumes of /hydrogen chloride/.","HEPTACHLOR EPOXIDE"
"156614068","Dark brown liquid.
Reported BPs:  138-140 °C (0.05 mm Hg); at 0.007kPa: 138-140 °C","DINOCAP"
"15730","Reported BPs:  280 °C.
Reported MPs:  44-45 °C.
...HEAT IS SAID TO DECOMPOSE /OCTYL PHENOLS/...WITH THE RELEASE OF DANGEROUS FUMES OF PHENOL. /OCTYL PHENOLS/","1-(P-HYDROXYPHENYL)OCTANE"
"15767","Reported MPs:  226 to 228 °F (NTP, 1992); 108-110 °C","PENTACHLOROANISOLE"
"15787","Crystalline solid.
White solid.
Crystals.
Yellow crystalline solid.
Free-flowing solid, dark brown color.
Reported BPs:  356 to 374 °F at 0.25 mmHg (NTP, 1992); BP: 180-190 °C at 0.25 mm Hg; at 101.3kPa: 368 °C.
Reported MPs:  158 to 160 °F (NTP, 1992); 70-71 °C; 70 °C.
When heated to decomp it emits very toxic fumes of /hydrogen chloride and nitrogen oxides./","NITROFEN"
"15965","White powder.
Crystalline solid.
Colorless to white crystals.
Chlorine-like odor.
Reported BPs:  Decomposes (NIOSH, 2024); decomposes; Decomposes.
Reported MPs:  392 °F (decomposes) (NTP, 1992); 218.5 °C; MP: 218-219 °C, with decomposition starting at 190 °C. Readily sublimes at 190 °C under 12 mm Hg.; No melting point; decomposes at 190 °C; 392 °F (decomposes); 424 °F (Decomposes).
When heated to decomposition it emits very toxic fumes of /hydrogen chloride and nitrogen oxides/..
In aqueous solution, decomposed by UV irradiation","PICLORAM"
"1639","Transparent to off white crystalline powder.
Odorless when pure..
Reported MPs:  318 °F (NTP, 1992); 159 °C; MP: 150-153 °C. /TECHNICAL GRADE/; MP: 153-159 °C. /TECHNICAL GRADE/; 318 °F.
When strongly heated it emits highly toxic fumes of /nitrogen oxides/.","AMITROLE"
"16653","Clear liquid.
Amber liquid.
Aromatic.
Reported BPs:  136.5 °C @ 10 mm Hg.
When heated to decomposition it emits very toxic fumes of /nitrogen oxides and sulfur oxides/.","MOLINATE"
"16682746","Slightly yellow liquid..
Weak odor.
Reported BPs:  356 °F at 2 mmHg (NTP, 1992); 180 °C at 2 mm Hg.; 180 °C.
Reported MPs:  45 °C.
When heated to decomposition it emits acrid and irritating fumes.","BIS(TRIBUTYLTIN) OXIDE"
"16682828","Reported BPs:  >300 °C /Extrapolated/.
Reported MPs:  16 °C.
When heated to decomposition it emits acrid smoke and irritating fumes.","TRIBUTYLTIN METHACRYLATE"
"16720","Colorless prisms.
Reported BPs:  Sublimes (NTP, 1992); Boiling point: sublimes; sublimes.
Reported MPs:  374 °F (NTP, 1992); 190 °C; 187 °C.
When heated to decomposition it emits toxic fumes of /nitrogen oxide/.","1,5-NAPHTHALENEDIAMINE"
"16945","Snow-white crystals from benzene.
Odorless.
Reported BPs:  905 °F at 1 mmHg (Sublimes with decomposition) (NTP, 1992).
Reported MPs:  905 °F (decomposes) (NTP, 1992); 485 °C (decomposes).
Decomposes above 500 °C to give hexachlorobenzene; hexachloropentadiene was found in small amounts in the thermal residue; the products identified from vapor phase were carbon monoxide, carbon dioxide, hydrogen chloride, chlorine, carbon tetrachloride, & phosgene.","MIREX"
"1752","Viscous, yellow liquid.
Reported BPs:  317 °C; Pale-yellow, viscous liquid; slight phenolic odor. Specific gravity: 0.950 at 20 °C/20 °C. BP: 293 °C. FP: -10 °C (sets to glass below this temperature). Viscosity: 563 cP at 20 °C... Insoluble in water; soluble in most organic solvents /Nonylphenol, 25154-52-3/.
Reported MPs:  42 °C; 41 - 42.5 °C.
When heated to decomposition it emits acrid smoke and irritating vapors.","4-NONYLPHENOL"
"17734","Dark-blue microcrystals or blue-black amorphous powder.
Reported MPs:  215 to 219 °F (NTP, 1992); 101.5-104 °C","HC BLUE 1"
"18752","White crystals.
Colorless crystals.
Reported MPs:  144.2 °C; MP: 143-144 °C (decomposes).
When heated to decomposition it emits very toxic fumes of /nitrogen oxides and sulfur oxides/.","4-AMINO-BENZOLSULFONYL-METHYLCARBAMAT"
"1988","Clear, viscous liquid.
Pale straw-colored oil.
Thick, oily liquid, light amber to violet.
Aromatic odor.
Reported BPs:  BP: 172 °C at 5 mm Hg; BP: 134 °C at 0.4 torr.
Reported MPs:  10.6 °C.
When heated to decomposition it emits toxic vapors of /nitrogen oxides and hydrogen chloride/.","ACETOCHLOR"
"20393","Reported BPs:  greater than 572 °F at 760 mmHg (NTP, 1992)","Mono-2-ethylhexyl phthalate"
"2078","Colorless to white crystalline solid.
Cream to wine-red colored solid.
Colorless to yellow crystals.
Odorless.
Reported BPs:  100 °C at 0.02 mm Hg; 135 °C at 0.3 mm Hg; at 101.3kPa: >400 °C; 212 °F at 0.02 mmHg.
Reported MPs:  40-41 °C; Colorless crystals; MW: 269.77; MP: 39.5-41.5 °C; specific gravity 1.133 at 25 °C/15.6 °C. /Technical alachlor/; 39.5 - 41.5 °C; 40 °C; 104-106 °F.
When heated to decomposition it emits very toxic fumes of /hydrogen chloride and nitrogen oxides/.","ALACHLOR"
"2153","White, crystalline alkaloid.
White crystalline powder.
Needles or plates (water +1).
Odorless.
Reported MPs:  522 to 525 °F (NTP, 1992); 273 °C; 274 °C; 270-274 °C.
When heated to decomposition it emits toxic fumes of /nitrogen oxides/.","THEOPHYLLINE"
"2157","Reported BPs:  100.
Reported MPs:  156","AMIODARONE"
"2170","Reported MPs:  175-176; 175.5 °C","AMOXAPINE"
"21852","PALE YELLOW LIQ","IODINATED GLYCEROL"
"2256","Colorless powder.
Colorless or white, crystalline powder.
Odorless.
Reported BPs:  Decomposes (NIOSH, 2024); 205 °C/101 kPa; No boiling point at normal pressure; decomposes on heating; decomposes; Decomposes.
Reported MPs:  347 to 351 °F (NTP, 1992); 177.0 °C; 173 °C; 173-177 °C; 340 °F.
Hazardous decomposition products formed under fire conditions - Carbon oxides, nitrogen oxides (NOx), hydrogen chloride gas..
Decomposes on heating. This produces toxic fumes including hydrogen chloride and nitrogen oxides..
When heated to decomposition it emits toxic fumes of /hydrogen chloride/ and nitrous oxides..
DT50 (pH 1) 9.5, (pH 5) 86, (pH 13) 5.0 days","ATRAZINE"
"2336","Pale yellow monoclinic needles from benzene and methanol.
Yellowish plates, needles from benzene + methanol; crystals may be monoclinic or orthorhombic.
Yellowish plates (from benzene and ligroin).
Faint aromatic odor.
Reported BPs:  887 °F at 760 mmHg (NTP, 1992); BP: 310-312 °C at 10 mm Hg; Boiling point: > 360 °C at 760 mm Hg; 496 °C; 5612 °F.
Reported MPs:  349.7 to 351.5 °F (NTP, 1992); 179 °C; 178.1 °C; 3497-3515 °F.
Hazardous decomposition products formed under fire conditions - Carbon oxides.[Sigma-Aldrich; Safety Data Sheet for Benzo.
When heated to decomposition it emits acrid smoke and fumes.","BENZO(A)PYRENE"
"2347","Clear, oil liquid.
Slight odor.
Reported BPs:  698 °F at 760 mmHg (NTP, 1992); 370 °C.
Reported MPs:  less than -31 °F (NTP, 1992); -35 °C.
When heated to decomposition, it emits acrid smoke and irritating fumes.","BENZYL BUTYL PHTHALATE"
"23931","Silver-white, heavy, mobile, liquid metal; solid mercury is tin-white.
Metal: silver-white, heavy liquid..
Odorless.
Reported BPs:  675 °F at 760 mmHg (USCG, 1999); 356.73 °C; 357 °C; 266 °F; 674 °F.
Reported MPs:  -38 °F (USCG, 1999); -38.87 °C; -39 °C; -38 °F","MERCURY"
"23969","Colorless gas.
Colorless gas ... [Note: Shipped as a liquefied compressed gas]..
Disagreeable garlic odor.
Reported BPs:  -80.4 °F at 760 mmHg (EPA, 1998); -62.5 °C; -62 °C; -81 °F.
Reported MPs:  -179 °F (EPA, 1998); -116 °C; -179 °F.
When heated to decomposition it emits highly toxic fumes of /arsenic/..
Decomposition product: arsenic when arsine is heated to decomposition point; arsenic when arsine is exposed to light..
Decomposition point: 300 °C","ARSINE"
"23973","Silvery-white metal.
Soft, bluish-white metal.
Silver-white, blue-tinged, lustrous metal; distorted hexagonal close-packed structure; easily cut with a knife; available in the form of bars, sheets or wire or a gray, granular powder.
Hexagonal, ductile crystals or soft, silver-white, lustrous metal.
Odorless.
Reported BPs:  1409 °F at 760 mmHg (NTP, 1992); 1409 °F; 767 °C; 765 °C.
Reported MPs:  609.6 °F (NTP, 1992); 610 °F; 32.0691 °C; 321 °C","CADMIUM"
"24085","Colorless rhombic crystals or white powder.
White crystal or powder.
White orthombic crystals.
Odorless.
Reported BPs:  576 °F at 760 mmHg (EPA, 1998); 302 °C.
Reported MPs:  529 °F (EPA, 1998); 277 °C; 276 °C","MERCURY CHLORIDE (2)"
"241","Clear, colorless liquid.
Orthorhombic prisms or liquid.
Colorless to light-yellow liquid [Note: A solid below 42 degrees F].
Aromatic odor.
Gasoline-like odor; rather pleasant aromatic odor. Odor threshold = 4.68 ppm..
Reported BPs:  176.2 °F at 760 mmHg (NTP, 1992); 80.08 °C; 80.00 to 81.00 °C. @ 760.00 mm Hg; 80 °C; 176.2 °F; 176 °F.
Reported MPs:  41.9 °F (NTP, 1992); 5.558 °C; 5.5 °C; 6 °C; 41.9 °F; 42 °F","BENZENE"
"24261","Amorphous powder.
Transparent to gray powder (Note: Amorphous silica is the non-crystalline form of O2Si). ... solid.
Silica gel is a coherent, rigid, continuous three-dimensional network of spherical particles of colloidal microporous silica..
Transparent crystals.
Odorless.
Reported BPs:  4046 °F at 760 mmHg (NIOSH, 2024); 4046 °F; 2230 °C.
Reported MPs:  3110 °F (NIOSH, 2024); 3110 °F; 1710 °C; 1716 - 1736 °C; 1713 °C","QUARTZ"
"24408","Dark reddish-brown, volatile, mobile diatomic liquid; vaporizes at room temperature.
Dense, dark red, mobile liquid; vaporizes readily at room temperature to give a red vapor.
Suffocating odor.
Bleachy, penetrating.
Reported BPs:  139.2 °F at 760 mmHg (EPA, 1998); 58.8 °C; 139 °F.
Reported MPs:  19 °F (EPA, 1998); -7.2 °C; 19 °F","BROMINE"
"24586","Green-yellow crystals.
Pale green.
Odorless.
Reported BPs:  Decomposes (NTP, 1992).
Reported MPs:  1558 °F (decomposes) (NTP, 1992); Decomposes @ 840 °C; No melting point; decomposes at 848 °C.
When heated to decomp it emits very toxic fumes of /sulfur oxides/..
Toxic gases and vapors (such as nickel carbonyl) may be released ... in the decomp of nickel cmpd. /Nickel & sol nickel cmpd/.
848 °C. This produces toxic fumes of sulfur trioxide and nickel monoxide. See ICSC 0926. See ICSC 1202. Reacts with oxidants. This generates fire and explosion hazard. The solution in water is a weak acid.","NICKEL SULFATE"
"249266","Clear oil.
... Colorless mobile oil.
Lower chlorinated Aroclors (1221, 1232, 1016, 1242, and 1248) are colorless mobile oils. Increasing chlorine content results in mixtures taking on the consistency of viscous liquids (Aroclor 1254) or sticky resins (Aroclors 1260 and 1262). Arclors 1268 and 1270 are white powders..
Reported BPs:  554 to 617 °F at 760 mmHg (NTP, 1992); 290-325 °C.
When heated to decomposition they emit toxic fumes of Chlorine. /Polychlorinated biphenyls/","MONOCHLOROBIPHENYL"
"24947","Rhombohedral crystals.
Small, white crystals.
Hexagonal, colorless crystals.
Odorless.
Reported BPs:  1760 °F at 760 mmHg (NTP, 1992); 960 °C.
Reported MPs:  1054 °F (NTP, 1992); 568 °C.
When heated to decomposition it emits very toxic fumes of /cadmium and hydrogen chloride/.","CADMIUM CHLORIDE"
"25429","White powder.
Crystalline powder.
Nearly white solid /Technical/.
Light-gray powder.
Off-white, crystalline powder.
Odorless /Technical/.
Reported MPs:  576 to 585 °F (decomposes) (NTP, 1992); Decomposes at 300 °C; MP: 302-307 °C (decomposes); 302 - 307 °C.
Decomposes at 300 °C..
When heated to decomposition it emits toxic fumes of /nitric oxides/..
Slowly decomposed in alkaline soln (22 °C): DT50 >350 days (pH 5 and pH 7), 124 days (pH 9)..
302-307 °C","CARBENDAZIM"
"26710","Black or dark-colored fluffy powder.
Black solid or powder.
Dark brown to black solid..
Odorless.
Reported BPs:  Decomposes (NIOSH, 2024); decomposes; Decomposes.
Reported MPs:  greater than 356 °F (Decomposes) (NIOSH, 2024); 180 °C; >356 °F (decomposes); >356 °F (Decomposes).
When heated to decomposition it emits very toxic fumes of /nitrogen and sulfur oxides./.
...Decomposes above 180 °C.
Decomposes ... in contact with moisture.
180 °C","FERBAM"
"2723650","Needles, prisms from alcohol or amyl alcohol.
White to pale-green crystals.
Faint, amine odor.
Reported BPs:  446 to 595 °F at 760 mmHg (NIOSH, 2024); 446-595 °F.
Reported MPs:  397 to 399 °F (NTP, 1992); 203 °C; ETHYLENE THIOUREA (ETU) IS AVAILABLE IN USA AS WHITE CRYSTALS OR FINELY-GROUND POWDER WITH A MELTING POINT OF 192 °C. IT IS ALSO AVAILABLE IN USA & JAPAN AS A WHITE POWDER WITH A MELTING POINT ABOVE 195 °C. IT IS AVAILABLE IN USA AS WHITE POWDER CONSISTING OF 80% DISPERSION OF ETU IN OIL.; 194 °C; 392 °F.
When heated to decomposition it emits very toxic fumes of /nitroxides/ and /sulfoxides/..
Photolytic degradation is a major pathway for ETU in water, and is enhanced by the presence of photosensitizers such as chlorophyll.","ETHYLENE THIOUREA"
"2730","White granular crystals.
Colorless crystals.
Colorless to white crystalline solid [Note: Commercial formulations may be combined with combustible liquids.].
Mild mercaptan odor.
Reported BPs:  320 °F at 760 mmHg (Decomposes) (NIOSH, 2024); 320 °F (decomp); No boiling point at normal pressure; decomposes at 160 °C; 320 °F (decomposes); 320 °F (Decomposes).
Reported MPs:  108 to 110 °F (NTP, 1992); 41-42 °C; 42 °C; 108 °F.
Decomposition temperature: approx 160 °C.
160 °C. This produces toxic and corrosive fumes including hydrogen chloride, phosgene, phosphorus oxides, nitrogen oxides and sulfur oxides. Attacks copper and brass.","CHLORPYRIFOS"
"28780","White crystalline solid [Note: Decomposes without melting above 572 degrees F]..
Faint, acrid odor..
Reported BPs:  Decomposes (NTP, 1992); decomposes; Decomposes.
Reported MPs:  Decomposes before melting (NTP, 1992); 140 °C (decomposes); 140 °C; No melting point; decomposes at 140 °C; >572 °F (decomposes); >572 °F (Decomposes).
Decomposed by strong acids & strong alkalis. Decomposes slowly in the presence of moisture. In some solvents dissociates to form carbendazin & butyl isocyanate. ... Decomposed on storage in contact with water & under moist conditions in soil..
When heated to decomposition it emits toxic fumes of /nitrogen oxides/..
Decomposes just after melting at 140 °C. /From table/","BENOMYL"
"2912","Viscous semi-solid.
Colorless crystals - pure isomers.
Odorless.
Reported MPs:  70 °C; MP: 60-80 °C (technical); 60-80 °C; 158 °F.
When heated to decomp it emits toxic fumes of /cyanide, nitrogen oxides, chloride/..
220 °C","CYPERMETHRIN"
"29393","Yellow-orange crystals.
No appreciable odor.
Reported BPs:  Decomp @ 265 °C.
Reported MPs:  137-138 °C; Mp: 141-142 °C /Technical oryzalin/.
When heated to decomposition it emits toxic fumes of /nitrogen oxides and sulfur oxides/.","ORYZALIN"
"29575","Reported MPs:  469 to 471 °F (NTP, 1992); 243-244 °C","1,2,3,7,8,9-HEXACHLORODIBENZO-P-DIOXIN"
"299","Crystals.
Tan to white, crystalline solid.
Odorless.
Reported BPs:  Sublimes with decomposition at 662.0 °F (USCG, 1999); Sublimes.
Reported MPs:  662 °F (decomposes) (NTP, 1992); 350 °C (decomp); 662 °F (Sublimes).
Hazardous decomposition products formed under fire conditions - Carbon oxides, hydrogen chloride gas..
Decomposes at 350 °C.","CHLORDECONE (KEPONE)"
"3026","Colorless to faint yellow, oily liquid.
Slight, aromatic odor.
Reported BPs:  644 °F at 760 mmHg (NTP, 1992); 340 °C; 337.00 to 340.00 °C. @ 760.00 mm Hg; 644 °F.
Reported MPs:  -31 °F (NTP, 1992); -35 °C; 35 °C; -31 °F.
When heated to decomp it emits acrid smoke and fumes.","DIBUTYL PHTHALATE"
"3032297","Colorless crystals when pure..
Crystals from water.
Reported MPs:  Decomposes on heating without melting.
Decomposed by light, moisture and heat..
When heated to decomposition it emits very toxic fumes of /nitroxides, sodium oxide/, and /sulfoxides/.","NABAM"
"3032536","Pale-blue hygroscopic leaflets; colorless in very thin layers.
Blue hexagonal leaflets.
Slight sharp odor.
Reported BPs:  1049 °C.
Reported MPs:  187 °F (USCG, 1999); 735 °C.
Dec 400 °C on long heating in air..
When heated to decomp it emits toxic fumes of /hydrogen chloride/","COBALT CHLORIDE"
"3032552","Red to brown gas above 21.1 °C; brown liquid below 21.1 °C; colorless solid at approx -11 °C.
Liquid below 21.15 °C.
Yellowish-brown liquid or reddish-brown gas (above 70 °C) [Note: In solid form (below 15 °F) it is found structurally as N2O4].
Brown gas; equilibrium with N2O4.
Irritating odor.
Sweetish, acrid..
Pungent, acrid odor.
Healthy subjects can detect the odor of NO2, in some cases at concentrations below 188 ug/cu m (0.1 ppm)..
Reported BPs:  70.07 °F at 760 mmHg (EPA, 1998); 21.15 °C; 21.2 °C; 70 °F.
Reported MPs:  15.3 °F (EPA, 1998); -9.3 °C; -11.2 °C; 15 °F.
When heated to decomposition it emits toxic fumes of /nitroxides/..
Decomposes at 160 °C. Decomposes (reacts) with water.","NITROGEN DIOXIDE"
"3032581","Yellow powder; crystals from alcohol.
Brown powder.
Practically odorless.
Reported MPs:  200 °C (decomposes); 392 °F.
Decomposes without melting at 192-204 °C. ... Decomposes on prolonged exposure to air or moisture..
When heated to decomposition it emits highly toxic fumes of /nitroxides and sulfoxides/..
192-204 °C","MANEB"
"3032792","Colorless plates from acetone.
Yellow or yellowish crystalline solid.
Odorless.
Reported MPs:  194 °C (decomposes).
When heated to decomposition it emits very toxic fumes of NOx and SOx /nitrogen oxides and sulfur oxides/.","THIOPHANATE ETHYL"
"3034368","Greyish-yellow free-flowing powder.
Yellowish powder.
Slight odor of hydrogen sulfide.
Practically odorless.
Reported MPs:  172 °C (decomposes).
When heated to decomposition it emits very toxic fumes of sulfur oxides, zinc oxide, and nitrogen oxides..
The substance decomposes slowly on heating or on contact with acids and moisture producing toxic and irritating fumes including sulfur oxides, nitrogen oxides, zinc oxide, manganese oxide, hydrogen sulfide, carbon sulfide, ethylene thiuram sulfide, ethylene bisisothiocyanate, ethylene urea and 2-mercaptoimidazoline.","MANCOZEB"
"3035","White, crystalline solid.
Reported BPs:  601.7 °F at 760 mmHg (NTP, 1992).
Reported MPs:  190 to 194 °F (NTP, 1992); 89 °C.
When heated to decomposition it emits very toxic fumes of /chlorides/.","DDE"
"3036","Biaxial elongated tablets, needles from 95% alcohol.
Chemically pure p,p-DDT consists of white needles.
Colorless crystals or off-white powder ....
Odorless or with slight aromatic odor.
It possesses fruit-like odor.
... Slight, aromatic odor..
Reported BPs:  500 °F at 760 mmHg (NTP, 1992); 260 °C; 186 °C at 0.05 mm Hg; 260 °C; 230 °F (Decomposes).
Reported MPs:  227 to 228 °F (NTP, 1992); 108.5 °C; Waxy solid. MP: indefinite /Technical/; 108.5 - 109 °C; 109 °C; 227 °F.
Decomp at 110 °C; dehydrochlorinates in alkali or org bases when in org solvents.
When heated to decomposition it emits toxic fumes of /chlorides/.","DDT"
"30479","Colorless crytals.
White crystalline solid.
Weak characteristic odor.
Reported BPs:  132 °C @ 2 Pa.
Reported MPs:  257 °F (NIOSH, 2024); 126.2 °C; 125 °C; 257 °F.
When heated to decomposition it emits very toxic fumes of /nitrogen oxides and sulfur oxides/.","METRIBUZIN"
"3082","White crystalline solid.
Colorless crystals (Tech., white solid pellets).
CAMPHOR-LIKE ODOR.
Mercaptan odor.
Reported BPs:  243 °F at 0.1 mmHg (NTP, 1992); 107 °C at 0.05 mm Hg; at 0.01kPa: 117 °C; 243 °F at 0.1 mmHg.
Reported MPs:  125 °F 113 to 117 °F for technical product. (EPA, 1998); 52-52.5 °C; 51-52 °C; 125 °F.
When heated to decomposition it emits very toxic fumes of /nitrogen, phosphorous, and sulfur oxides/..
... Thermal stability ranking of hazardous organic cmpd: rank 235 on a scale of 1 (highest stability) to 320 (lowest stability).","DIMETHOATE"
"3102","Orthorhombic prisms from alcohol (alpha); monoclinic prisms (beta).
Rhombic prisms (stable form), monoclinic prisms (labile form), white crystals.
Geranium-like odor.
Sweet, rose-like odor.
Reported BPs:  582.6 °F at 760 mmHg (NTP, 1992); 305.4 °C; 305.9 °C; 305.00 to 307.00 °C. @ 760.00 mm Hg; 305 °C; 583 °F.
Reported MPs:  alpha-118.6 °F; beta-79 °F; gamma-117 °F. (NTP, 1992); 47.8 °C; 48.5 °C; Melting point: 47 °C (gamma-Benzophenone); 26 °C; 119 °F.
When heated to decomp it emits acrid and irritating fumes..
>320 °C","ALPHA-OXODIPHENYLMETHANE"
"31200","Yellow-brown liquid.
Yellow oily liquid.
Faint characteristic odor.
Reported BPs:  244 °F at 0.05 mmHg (EPA, 1998); BP: 118 °C at 0.05 mm Hg.
Reported MPs:  0.3 °C; 3.4 °C.
140-145 °C","FENITROTHION"
"31242","COLORLESS OR WHITE NEEDLES; TEND TO YELLOW ON EXPOSURE TO LIGHT.
POWERFUL WOODY-PHENOLIC, YET SOMEWHAT SWEET.
MEDICINAL, PHENOLIC.
Reported BPs:  217.9 °C; 218.00 to 219.00 °C. @ 760.00 mm Hg.
Reported MPs:  46 °C; 44.00 to 46.00 °C. @ 760.00 mm Hg","1-ETHYL-4-HYDROXYBENZENE"
"32154","OFF-WHITE SOLID.
WHITE CRYSTALS.
NEEDLES.
White powder.
ODORLESS.
Reported MPs:  155-156 °C; Decomposes above melting point; in solution for 28 days (pH 5-9, 20 °C) < 10% loss.","PRONAMIDE"
"3224","Brown crystals ... [Note: Technical product is a tan, waxy, isomer mixture]..
Similar to terpene..
... Slight, sulfur dioxide odor ....
Reported BPs:  Decomposes (NIOSH, 2024); 106 °C at 0.7 mm Hg (with partial decomposition); decomposes; Decomposes.
Reported MPs:  158 to 212 °F Range of values given is for a mixture of isomers (a isomer 228.7 °F; b isomer 415.9 °F). (EPA, 1998); 106 °C (pure); MP: 70-100 °C; stable toward dil mineral acids; hydrolyzed rapidly by alkalies; commercial product is a mixture of alpha-isomer, MP: 108-110 °C, and beta-isomer, MP: 208-210 °C /Technical/; 106 °C (pure), 70-100 °C (technical); 223 °F.
When heated to decomposition it emits toxic fumes of /hydrogen chloride and sulfoxides/.","ENDOSULFAN"
"3347","Clear yellow viscous liquid.
Mild odor.
Reported BPs:  Decomposes.
Reported MPs:  39.5 - 53.7 °C.
When heated to decomposition it emits toxic fumes of /hydrogen chloride, nitrogen oxides and hydrogen cyanide/.","FENVALERATE"
"335","Crystals in liquid becoming dark with age and exposure to light and air.
White crystals [Note: A liquid above 88 degrees F].
Colorless, yellowish, or pinkish crystals.
Phenolic odor.
Sweet, tarry odor.
Reported BPs:  376 °F at 760 mmHg (EPA, 1998); 191.0 °C; 191.00 to 192.00 °C. @ 760.00 mm Hg; 191 °C; 376 °F.
Reported MPs:  88 °F (EPA, 1998); 31.0 °C; 29.8 °C; 31 °C; 88 °F","O-CRESOL"
"3352","White solid.
Reported MPs:  200-201 °C; 201 °C","FIPRONIL"
"33599","Clear liquid.
Mild odor.
Reported BPs:  482 to 495 °F at 4 mmHg (NTP, 1992); BP: 253 °C at 4 mm Hg; at 0.5kPa: 250-257 °C.
Reported MPs:  -58 °F (NTP, 1992); -50 °C.
When heated to decomposition it emits acrid smoke and irritating vapors.","1,2-BENZENEDICARBOXYLIC ACID, DIISODECYL ESTER"
"33775","White to greyish brown, crystalline powder.
Crystals from alcohol.
Odorless.
Reported MPs:  184 °C","NORFLURAZON"
"3589","White to light tan waxy solid.
White to light tan crystals..
Camphor-like odor.
Reported BPs:  Decomposes (NTP, 1992); 145 °C @ 1.5 MM HG; 293 °F (decomposes); 293 °F (Decomposes).
Reported MPs:  203 to 205 °F (NTP, 1992); 95-96 °C; 203 °F.
Decomposition products: Toxic gases and vapors which include: hydrogen chloride, and carbon monoxide..
160 °C","HEPTACHLOR"
"36400","Colorless mobile oil.
Lower chlorinated Aroclors (1221, 1232, 1016, 1242, and 1248) are colorless mobile oils. Increasing chlorine content results in mixtures taking on the consistency of viscous liquids (Aroclor 1254) or sticky resins (Aroclors 1260 and 1262). Arclors 1268 and 1270 are white powders..
Practically odorless; mild aromatic odor.
Reported BPs:  644 to 707 °F at 760 mmHg (NTP, 1992).
Reported MPs:  340-375 °C.
When heated to decomposition they emit toxic fumes of chlorine. /Polychlorinated biphenyls/","AROCLOR 1248"
"36462","Crystals from methanol.
Reported MPs:  236-251 °C; 236 - 251 °C","ETOPOSIDE"
"37123","Colorless crystals.
Reported BPs:  BP: 257 °C at 300 mm Hg.
Reported MPs:  228 °C; Off-white to yellow crystals; Melting point: 210-230 °C, with decomposition /technical diflubenzuron/; 230 - 232 °C.
When heated to decomp it emits very toxic fumes of NOx and Cl-.","DIFLUBENZURON"
"37517","Colorless crystals.
White crystals.
Odorless.
Reported MPs:  approx 136 °C; 136 °C.
DT50 1-7 days (pH 7), <1 hr (pH 9). Aqueous solns degraded by uv light..
When heated to decomposition it emits very toxic fumes of /nitrogen oxides & hydrogen chloride/.","IPRODIONE"
"38018","Light yellow, soft, sticky resin.
Reported BPs:  725 to 788 °F at 760 mmHg (NTP, 1992).
When heated to decomposition they emit highly toxic fumes of chlorine. /Polychlorinated biphenyls/","AROCLOR 1260"
"38221","OFF-WHITE TO VIOLET POWDER.
Reported MPs:  372 to 378 °F (decomposes) (NTP, 1992)","2,4-DIAMINOANISOLE SULFATE"
"38479","Orange-yellow crystal solid.
Faint, nutty odor.
Reported BPs:  Decomposes on distillation.
Reported MPs:  56-57 °C.
When heated to decomposition it emits toxic fumes of nitroxides.","PENDIMETHALIN"
"39385","Colorless solid.
Characteristic odor.
Reported MPs:  180.1 °F (NTP, 1992); 82.3 °C.
When heated to decomposition it emits very toxic fumes of /hydrogen chloride & nitrogen oxides/.","TRIADIMEFON"
"3958","Reported BPs:  533.8 ºC at 760 mm Hg.
Reported MPs:  192-194; 166 - 168 °C","LORAZEPAM"
"39676","Colorless crystals.
Crystalline solid.
Colorless to white crystalline solid.
Slight aromatic odor.
Reported BPs:  BP: 131 °C at 0.05 mm Hg.
Reported MPs:  108 °C.
When heated to decomposition it emits very toxic fumes of /hydrogen chloride/ and nitrous oxides.","VINCLOZOLIN"
"39929","Crystals from 2,2,4-trimethylpentane.
Reported MPs:  227-228 °C.
When heated to decomposition it emits toxic fumes of Chloride.","2,3,7,8-TETRACHLORODIBENZOFURAN"
"4004","Colorless or slightly yellow.
Clear colorless liquid when pure.
Deep-brown to yellow liquid ... [Note: A solid below 37 degrees F].
Skunk-like odor.
Garlic-like odor.
Mercaptan odor.
Reported BPs:  313 to 315 °F at 0.7 mmHg (decomposes) (NTP, 1992); 156-157 °C at 7.00E-01 mm Hg; BP: 156-157 °C at 0.7 mm Hg; 140 °F (decomposes); 140 °F (Decomposes).
Reported MPs:  37.1 °F (NTP, 1992); 2.8 °C; 3.85 °C; 3 °C; 37.1 °F; 37 °F.
Hazardous decomposition products formed under fire conditions - Carbon oxides, sulfur oxides, oxides of phosphorus.
Above 100 °C, decomposes rapidly and explosion may be induced..
Thermal decomposition (e.g., fire) may produce dimethyl sulfide, sulfur dioxide, carbon monoxide, carbon dioxide, phosphorus pentoxide, nitrogen oxides..
When heated to decomposition it emits toxic fumes of /phosphoxides and sulfoxides/.","MALATHION"
"40326","Colorless crystals to a viscous liquid; Color, white to pale yellow.
Pure permethrin cis-isomer forms colorless crystals at room temperature but a mixture of cis and trans isomers normally occurs as a liquid, with its appearance depending on the ratio of isomers. Pure permethrin (40:60) is a colorless, viscous liquid, whereas the technical compound is a yellow to yellow-brown viscous liquid..
Reported BPs:  220 °C at 5.00E-02 mm Hg; >290 °C at 760 mm Hg; BP: 200 °C at 0.1 mm Hg.
Reported MPs:  34 °C; <20 °C (OECD Method 102); MP: cis-isomers, 63-65 °C; trans-isomers, 44-47 °C; 34-39 °C.
When heated to decomp it emits toxic fumes of /hydrogen chloride/.","PERMETHRIN"
"40470","Light yellow, viscous liquid.
Colorless to pale-yellow, viscous liquid or solid (below 50 degrees F).
Mild hydrocarbon odor.
Practically odorless.
Reported BPs:  Distillation range 365-390 °C; 689-734 °F.
Reported MPs:  50 °F.
When heated to decomposition they emit toxic fumes of chlorine. /Polychlorinated biphenyls/","AROCLOR 1254"
"40813","Yellow, resembles cornmeal or yellow-green powder.
Reported MPs:  Decomposes at 433 °F (EPA, 1998); 223-225 °C (decomp).
When heated to decomposition it emits toxic fumes of /nitrogen oxides/.","PYRIMINIL"
"4109","White crystalline solid.
Slightly sulfurous.
Reported MPs:  172 to 174 °F (EPA, 1998); 78-79 °C; 78 °C; 172 °F.
When heated to decomposition it emits very toxic fumes of /nitrogen oxides & sulfur oxides/..
... /Methomyl/ decomposes rapidly in alkaline solns & in moist soils..
DT50 following leaf application /is about/ 3-5 days. Rapidly degraded to carbon dioxide & acetonitrile with incorporation into natural plant components.","METHOMYL"
"4115","Colorless crystals (technical, grey powder).
Dimorphic crystals.
Crystals from dilute alcohol.
White to light yellow solid.
For more Color/Form (Complete) data for METHOXYCHLOR (7 total), please visit the HSDB record page..
Slight, fruity odor.
Reported BPs:  Decomposes (NTP, 1992); decomposes; Decomposes.
Reported MPs:  187 to 190 °F (NTP, 1992); 87 °C; MP: 172 °F (77.78 °C); MP: 89 °C (technical, 77 °C); 89 °C; 171 °F.
... When heated to decomp, it emits highly toxic fumes of /hydrogen chloride/ ..
Toxic gases and vapors (such as hydrogen chloride and carbon monoxide) may be released when methoxychlor decomposes.","METHOXYCHLOR"
"4130","Crystals.
White crystalline solid.
Crystals from cold methanol.
White to tan, crystalline solid or powder [Note: The commercial product in xylene is a tan liquid].
Colorless crystals.
Pungent, garlic-like odor.
Odorless.
Reported BPs:  246 °F at 0.13 mmHg (NTP, 1992); 154 °C at 136 Pa; 289 °F.
Reported MPs:  99 to 100 °F (EPA, 1998); 35.8 °C; MP: 37-38 °C; 35-38 °C; 99 °F.
When heated to decomp it emits very toxic fumes of /nitrogen oxides, phosphorous oxides, and sulfur oxides/..
120 °C","METHYL PARATHION"
"42128","Reported MPs:  383 to 385 °F (NTP, 1992); 196-196.5 °C","2,3,4,7,8-PENTACHLORODIBENZOFURAN"
"43226","Reported MPs:  117 - 119 °C","FENARIMOL"
"441325","Crystalline powder; crystals from acetone.
Reported MPs:  156 °C","AMIODARONE HYDROCHLORIDE"
"4421","PALE BUFF, CRYSTALLINE POWDER.
WHITE TO SLIGHTLY YELLOW, CRYSTALLINE POWDER.
ODORLESS.
Reported MPs:  444 to 446 °F (NTP, 1992); 229.5 °C; 229-230 °C.
When heated to decomposition it emits toxic fumes of nitroxides.","NALIDIXIC ACID"
"4485","Yellow crystals.
Reported MPs:  342 to 345 °F (NTP, 1992); 172-174 °C; 172 - 174 °C.
When heated to decomposition, it emits toxic fumes of /nitrogen oxides/.","Nifedipine"
"448537","White crystalline powder.
Small plates from benzene.
Odorless.
Reported MPs:  336 to 342 °F (NTP, 1992); 172; 169-172 °C.
When heated to decomposition it emits acrid smoke and fumes.","DIETHYLSTILBESTROL"
"4616","Crystals from alcohol.
CREAMY WHITE TO PALE-YELLOW POWDER.
PRACTICALLY ODORLESS.
Reported MPs:  401 to 403 °F (NTP, 1992); 205-206 °C; 205 - 206 °C","OXAZEPAM"
"4618","Colorless liquid.
Yellow oil.
Reported BPs:  223 °F at 0.01 mmHg (NTP, 1992); 106 °C @ 0.01 mm Hg.
Reported MPs:  less than 14 °F (NTP, 1992); <-20 °C.
DT50 (est.) 107 days (pH 4), 46 days (pH 7), 2 days (pH 9) (22 °C)..
When heated to decomposition it emits very toxic fumes of /phosphorous and sulfur oxides/.","OXYDEMETON METHYL"
"4641","WHITE TO YELLOWISH WHITE, CRYSTALLINE POWDER.
ODORLESS.
Reported MPs:  96 °C","OXYPHENBUTAZONE"
"4735","Crystallizes as colorless plates from water.
Reported MPs:  186 °C (decomposes); Decomposes at 186 °C; 186.0 °C (decomposes)","pentamidine"
"47576","Crystals from 4-methylpentanone.
Reported MPs:  146; 146 °C; 148-152 °C.
When heated to decomposition it emits toxic fumes of /hydrogen chloride and nitrogen oxides/.","KETOCONAZOLE"
"4767","Colorless liquid.
Pale yellow to yellow-brown clear liquid.
Faint characteristic odor.
Reported BPs:  >290 °C.
When heated to decomposition it emits acrid smoke and fumes. /(+)-cis,trans-Phenothrin/","PHENOTHRIN"
"4933","White crystalline solid /Purity not provided/.
Colorless crystals /Purity not provided/.
Light brown solid (pure).
Dark oily liquid.
Solid, white-gray.
Odorless.
Reported BPs:  351 °C.
Reported MPs:  92 °C; 92-93 °C.
When heated to decomposition it emits very toxic fumes of /hydrogen chloride and nitrogen oxides./","PROPANIL"
"5054","White needle-like crystals.
Needles from benzene; platelets from water.
Rhombic tablets and pyramids.
Platelets from ethanol. Very white crystals.
For more Color/Form (Complete) data for RESORCINOL (6 total), please visit the HSDB record page..
Faint, characteristic odor.
Reported BPs:  531 to 536 °F at 760 mmHg (NTP, 1992); 280 °C, but volatilizes at lower temperature and is slightly volatile with steam; 178.00 °C. @ 16.00 mm Hg; 280 °C; 531 °F.
Reported MPs:  228 to 232 °F (NTP, 1992); 109.8 °C; Heat of fusion at mp: 21.0 kJ/mol; Heat of vaporization (kJ/mol): 78.2 at 110 °C, 75.2 at 150 °C, 72.0 at 190 °C; 111 °C; 110 °C; 228-232 °F; 228 °F.
When heated to decomposition it emits acrid smoke and irritating fumes.","RESORCINOL"
"51605","Crystals from petroleum ether.
Colorless to white crystals.
Reported MPs:  53-54 °C.
When heated to decomposition it emits toxic vapors of nitrogen oxides.","FENOXYCARB"
"5216","White solid.
Colorless powder.
Crystals from ethanol or methyl Cellosolve.
Reported MPs:  437 to 441 °F (NTP, 1992); 225 to 227 °C (decomp); 437-441 °F.
When heated to decomposition it emits very toxic fumes of /hydrogen chloride/ and nitrous oxides..
225-227 °C","SIMAZINE"
"5281303","Microcrystalline powder.
Yellow green powder.
Strong garlic/sulfur odor.
Reported MPs:  154-158 °C","Azadirachtin"
"5284373","Forms white prismatic crystals from acetone.
Reported BPs:  838.63.
Reported MPs:  298 to 304 °F (NTP, 1992); 148-151 °C.
When heated to decomposition it emits toxic fumes of /nitrogen oxides/.","CYCLOSPORIN A"
"5284461","White needles from benzene & Skellysolve B; acetate deriv: amorphous solid from ether & pentane.
Crystals.
White needles.
Reported MPs:  151-152 °C.
Hazardous decomposition products formed under fire conditions. - Carbon oxides","T-2 TOXIN"
"5284469","Yellow waxy solid..
Amber, waxy solid..
Pleasant piney odor.
Mild odor of chlorine and camphor.
Mild, turpentine-like odor.
Mild, piney, chlorine- and camphor-like odor..
Reported BPs:  Decomposes (NTP, 1992); Decomposes; Decomposes near boiling point; decomposes.
Reported MPs:  149 to 194 °F (EPA, 1998); 65-90 °C; 149-194 °F","CAMPHECHLOR"
"5284484","Powder or crystals from chloroform + alcohol.
Light-tan solid.
WHITE POWDER OR CRYSTALS.
Pale yellow powder.
Practically odorless.
Reported BPs:  decomposes.
Reported MPs:  157 °C (decomposes); 314.6 °F.
Decomposes at 157 °C without melting..
Zineb decomposes on storage primarily due to exposure to moisture. Products of the decomposition were identified as ethylenethiuram monosulfide, zinc sulfide, carbon disulfide and ethylenethiourea..
Decomposes before melting. Decomposes gradually, accelerated by exposure to moisture, heat or air..
When heated to decomposition it emits very toxic fumes of /nitroxide, zinc oxide/, and /sulfoxides/..
157 °C","ZINEB"
"5327","Crystals from dioxane-water.
Creamy-white powder or crystals from dioxan.
White or yellowish-white powder.
Odorless.
Reported MPs:  387 to 392 °F (NTP, 1992); 198.5 °C; 176 °C (also reported as mp 178-179 °C; mp 198-199 °C; mp 205-207 °C)","SULFAMETHAZINE"
"5329","Yellow-white powder.
Almost white.
Crystals from dilute ethanol.
WHITE TO OFF-WHITE CRYSTALLINE POWDER.
Colorless crystalline powder.
Odorless.
PRACTICALLY ODORLESS.
Reported MPs:  333 °F (NTP, 1992); 167 °C; MP: 209-210 °C; crystals from alcohol /N4-Acetylsulfamethoxazole/; MP: 171 °C.
When heated to decomposition it emits very toxic fumes of nitroxides and sulfoxides.","SULFAMETHOXAZOLE"
"5352425","Reported BPs:  3164 °F at 760 mmHg (NTP, 1992); 1740 °C; 3164 °F.
Reported MPs:  621.5 °F (NTP, 1992); 621 °F; 327.5 °C; 621.5 °F","LEAD"
"5359596","IT EXISTS IN THREE ALLOTROPIC FORMS, THE YELLOW (ALPHA), BLACK (BETA) AND GREY (GAMMA) FORMS.
Silver-gray or tin-white, brittle ... solid..
Allotropic forms: alpha-form, metallic, steel-grey, shiny, brittle, rhombohedral crystal structure; beta-form, dark gray, amorphous solid.
Yellow, and gray or metallic.
... Odorless ....
Reported BPs:  1135 °F at 760 mmHg (sublimes) (USCG, 1999); 1135 °F (sublimes); Sublimes.
Reported MPs:  1135 °F (Sublimes) (NIOSH, 2024); 1135 °F (Sublimes); 1135 °F (sublimes).
When arsenic is heated in air it will burn and form a white smoke consisting of arsenic trioxide (As2O3)..
DANGEROUS WHEN HEATED TO DECOMP ... IT EMITS TOXIC FUMES OF ARSENIC /SRP: INCLUDING ARSINE/. /ARSENIC CMPD/","ARSENIC"
"5366415","White crystals.
White crystalline solid.
Reported BPs:  BP: 110 °C /Commercial product/.
Reported MPs:  Decomposes without melting.
When heated to decomposition, it emits very toxic fumes of /nitrogen oxides, sulfur oxides, and disodium oxide/...","METHAM SODIUM"
"5429","Monoclinic needles (/crystalline structure is/ lamellar twining on 001 /axis/) from water.
White powder or monoclinic needles.
Reported BPs:  Sublimes at 554-563 °F (NTP, 1992); Sublimes 290-295 °C.
Reported MPs:  675 °F (NTP, 1992); 357 °C.
Hazardous decomposition products formed under fire conditions - Carbon oxides, nitrogen oxides (NOx)..
Forms salts which are decomposed by water, and compounds with bases which are more stable.","THEOBROMINE"
"5455","White crystalline powder.
Colorless to yellow, crystalline solid. (Note: commercial pesticide product may be dyed blue.).
Characteristic odor.
Reported BPs:  264 °F at 20 mmHg (NTP, 1992); 129 °C at 20 mm Hg; at 2.6kPa: 129 °C; 264 °F at 20 mmHg; Decomposes.
Reported MPs:  311 to 313 °F (NTP, 1992); 155-156 °C; MP: 146 °C /Commercial grade/; 312 °F","THIRAM"
"5505","WHITE OR PRACTICALLY WHITE CRYSTALLINE POWDER.
Crystals.
Reported MPs:  262 to 264 °F (NTP, 1992); 128.5 °C; 128.5-129.5 °C; MP: 41-43 °C; when anhyd, mp range is 130-133 °C /Sodium salt tetrahydrate/","TOLBUTAMIDE"
"5569","Yellow crystals.
YELLOW-ORANGE PRISMS.
Orange crystalline solid.
No appreciable odor.
Reported BPs:  Decomposes (NTP, 1992); BP: 139-140 °C at 4.2 mm Hg; at 0.5kPa: 139-140 °C.
Reported MPs:  115 to 117 °F (NTP, 1992); 42 °C; MP: 48.5-49 °C (technical >95%); 49 °C.
When heated to decomposition it emits toxic fumes of /hydrogen fluoride and nitrogen oxides/..
Susceptible to decomposition by ultraviolet radiation..
202 °C","TRIFLURALIN"
"590836","Colorless liquid.
Reported BPs:  172 °F at 760 mmHg (USCG, 1999); BP: 252 °C at 5 mm Hg; at 0.7kPa: 244-252 °C.
Reported MPs:  -48 °C; -43 °C.
When heated to decomposition it emits acrid smoke and irritating vapors.","1,2-BENZENEDICARBOXYLIC ACID, DIISONONYL ESTER"
"5934","When heated to decomposition it emits toxic fumes of /nitrogen oxides/.","3'-methyl-4-dimethylaminoazobenzene"
"5943","Liquid.
Colorless, clear, heavy liquid.
Colorless liquid.
Sweet.
Characteristic, ether-like odor.
Sweetish, distinctive odor.
Characteristic non-irritant odor.
Reported BPs:  170.1 °F at 760 mmHg (NTP, 1992); 76.7 °C; 76.80 °C. @ 760.00 mm Hg; 170.1 °F; 170 °F.
Reported MPs:  -9 °F (NTP, 1992); -22.2 °C; 28.6 °C; -23 °C; -9 °F.
Hazardous decomposition products formed under fire conditions - Carbon oxides, hydrogen chloride gas..
When heated to decomposition it emits toxic fumes of /chloride/ and phosgene..
In contact with various types of fire, decomposes into carbon monoxide and hydrogen chloride..
... In presence of water at high temperature, gives hydrochloric acid and other decomposition products.","CARBON TETRACHLORIDE"
"5948","A liquid..
Reported BPs:  112.5-113.5 @ 8 mm Hg.
When heated to decomposition it emits acrid smoke & irritating fumes.","TRIBUTYLTIN"
"6129","Colorless to light tan crystals.
White or gray ... solid..
... Odorless ....
Reported BPs:  Decomposes (NIOSH, 2024); Decomposes; decomposes.
Reported MPs:  288 °F (USCG, 1999); 145 °C; 142 °C; 293 °F.
When heated to decomposition it emits toxic fumes of /nitrogen oxides/..
...Decomposes below boiling point.","CARBARYL"
"61444","Reported BPs:  1355 °F at 760 mmHg (decomposes) (NTP, 1992); 420 °C.
Reported MPs:  206.2 °F (NTP, 1992); 96.8 °C","Cobalt sulfate heptahydrate"
"6212","Highly refractive, nonflammable, heavy, very volatile liquid.
Clear, colorless liquid.
Colorless, highly refractive, heavy volatile liquid..
Pleasant, etheric, nonirritating.
Pleasant odor.
Odor threshold: 205-307 ppm.
Characteristic odor.
Reported BPs:  143 °F at 760 mmHg (EPA, 1998); 61.12 °C; 61.00 to 62.00 °C. @ 760.00 mm Hg; 62 °C; 143 °F.
Reported MPs:  -82.3 °F (EPA, 1998); -63.47 °C; -63.2 °C; -64 °C; -82 °F.
When heated to decomposition forms phosgene gas..
The products of oxidative breakdown include phosgene, hydrogen chloride, chlorine, carbon dioxide, and water..
On prolonged heating with water at 225 °C, decomp to formic acid, carbon monoxide, and hydrogen chloride occurs..
Hazardous decomposition products formed under fire conditions. - Carbon oxides, Hydrogen chloride gas.
...If involved in a fire, reacts to produce hydrogen chloride and phosgene.","CHLOROFORM"
"6230","White crystalline powder.
Crystals from ethyl acetate.
ODORLESS.
Reported MPs:  202-208C; 204 °C; Crystals from methylene chloride and hexane; max absorption: 240 nm (e = 18,690); MP: 161-162 °C /Norethindrone acetate/; 203.5 °C; 397.4 °F.
When heated to decomposition, it emits acrid smoke and fumes.","NORETHISTERONE"
"6294","Crystalline solid from petroleum ether.
White solid.
Reported BPs:  379 °F at 760 mmHg (NTP, 1992); 193 °C at 1 mm Hg.
Reported MPs:  228 to 230 °F (NTP, 1992); 109-110 °C.
When heated to decomp, emits highly toxic fumes of /hydrogen chloride/.","DDD"
"6344","Colorless liquid [Note: A gas above 104 degrees F].
Colorless, volatile liquid.
Sweet, pleasant odor, like chloroform.
Chloroform like odor.
Penetrating ether-like odor.
Slightly sweet smell, similar to that of trichloromethane.
Reported BPs:  103.6 °F at 760 mmHg (NTP, 1992); 39.75 °C at 760 mm Hg; 40 °C; 104 °F.
Reported MPs:  -142.1 °F (NTP, 1992); -95 °C; -96.8 °C; -97 °C; -139 °F.
It can be decomposed by contact with hot surfaces and open flame, and then yield toxic fumes that are irritating and give warning of their presence. When heated to decomposition it emits highly toxic fumes of phosgene and /hydrogen chloride/.","DICHLOROMETHANE"
"6348","Mobile ... liquid.
Clear, colorless or faintly yellow liquid.
Purest distillates have sweet, pleasing, and ethereal odor ... usual commercial and reagent grades are foul smelling.
When pure, carbon disulfide has sweetish aromatic odor similar to that of chloroform..
Reported BPs:  116 °F at 760 mmHg (EPA, 1998); 46.2 °C; 46 °C; 116 °F.
Reported MPs:  -167 °F (EPA, 1998); -111.7 °C; -111.6 °C; -111 °C; -169 °F.
Decomposes on standing for a long time..
When heated to decompositon it emits highly toxic fumes of /sulfur oxides/..
May explosively decompose on shock, friction, or concussion..
Hazardous decomposition products formed under fire conditions: Carbon oxides, sulfur oxides","CARBON DISULFIDE"
"6358","Colorless liquid.
Reported BPs:  59-60 °C; 138 °F.
Reported MPs:  -89.0 °C; Heat of fusion at melting point = 6.527X10+6 J/kmol; -128 °F.
When heated to decomposition it emits toxic fumes of /hydrogen bromide/.","2-BROMOPROPANE"
"6372","Colorless gas ... [Note: Shipped as a liquefied compressed gas].
Nearly odorless.
Like carbon tetrachloride.
... Faint, sweetish odor ....
Reported BPs:  -40.9 °F at 760 mmHg (USCG, 1999); -40.8 °C; -41 °C; -41 °F.
Reported MPs:  -231 °F (NIOSH, 2024); -157.42 °C; -146 °C; ""-231 °F""; -231 °F.
Decomposes on contact with hot surfaces or flames. This produces toxic and corrosive gases including hydrogen chloride, phosgene, hydrogen fluoride and carbonyl fluoride..
Under certain conditions, /chlorofluorocarbon/ vapors may decompose on contact with flames or hot surfaces, creating the potential hazard of inhalation of toxic decomposition products. /Chlorofluorocarbon/.
The appearance of toxic decomposition products serves as warning of the occurrence of thermal decompositon and detection of a sharp acrid odor warns of the presence of these products. /Fluorocarbons/","CHLORODIFLUOROMETHANE"
"6406","Colorless liquid.
Distinct strong cyanide odor.
The pure compound is practically odorless but usually has an odor of bitter almonds because of traces of hydrogen cyanide..
Characteristic odor.
Reported BPs:  180 °F at 23 mmHg (EPA, 1998); 171 °C; 95 °C; BP: 82 °C at 23 mm Hg; 203 °F.
Reported MPs:  -2.2 °F (EPA, 1998); -19 °C; -4 °F.
When heated to decomposition it emits toxic fumes of /hydrogen cyanide/..
DECOMPOSES READILY TO EMIT HYDROGEN CYANIDE GAS, WHICH IS FLAMMABLE.","2-METHYLLACTONITRILE"
"6564","Colorless liquid.
Sweet.
Chloroform-like odor..
Reported BPs:  203 to 205 °F at 760 mmHg (NTP, 1992); 96.4 °C; (-3.7 °C at 10 mm Hg); 96 °C; 206 °F.
Reported MPs:  -148 °F (NTP, 1992); -100.4 °C; -100 °C; -149 °F.
When heated to decomposition it emits toxic fumes of /hydrogen chloride/.","1,2-DICHLOROPROPANE"
"657298","White crystalline powder of starch-like appearance to eye and to touch.
Reported MPs:  426 to 430 °F (NTP, 1992); 219 °C; 219-221 °C.
When heated to decomposition /temperature unspecified/, propylthiouracil emits toxic fumes of nitrogen oxide and sulfur oxide..
When heated to decomp ... emits very toxic fumes of /sulfur oxides and nitrogen oxides/.","PROPYLTHIOURACIL"
"6575","Colorless liquid (unless dyed blue).
Stable, low-boiling, colorless, photoreactive liquid.
Ethereal odor.
Sweet odor.
Characteristic odor resembling that of chloroform.
Reported BPs:  189 °F at 760 mmHg (NTP, 1992); 87.2 °C; Dielectric constant at 16 °C: 3.42; coefficient of cubic expansion: 0.00119 (at 0-40 °C); heat of formation: -42.3 kJ/mol (liquid), -7.78 kJ/mol (vapor); latent heat of vaporization: 238 kJ/kg (at boiling point); 87 °C; 189 °F.
Reported MPs:  -99 °F (NTP, 1992); -84.7 °C; -84.8 °C; -86 °C; -99 °F.
Hazardous decomposition products formed under fire conditions - Carbon oxides, hydrogen chloride gas..
... Dichloroacetylene /is/ a trichloroethylene combustion product formed under conditions of high alkalinity or temperature during volatilization of trichloroethylene ... ..
Decomposition of trichloroethylene, due to contact with hot metal or ultraviolet radiation, forms hazardous products, including chlorine gas, hydrogen chloride, and phosgene ... Slowly decomposed by light in presence of moisture, with formation of hydrochloric acid..
When heated to decomposition it emits toxic fumes of /hydrogens of chloride and hydrogens of fluoride/..
Slowly dec (with formn of HCl) by light in the presence of moisture.","TRICHLOROETHYLENE"
"6618","Crystals from isopropyl alcohol.
White, crystalline powder.
Odorless.
Reported BPs:  ~316 °C (decomposes at 200-300 °C).
Reported MPs:  356 to 363 °F (NTP, 1992); 179 °C; Bromine content = 58.4%; specific gravity = 2.17; melting point = 179-181 °C /Commercial product/.
When heated to decomposition it emits toxic vapors of Bromine.","2,2',6,6'-TETRABROMO-4,4'-ISOPROPYLIDENEDIPHENOL"
"6623","Crystallizes as prisms from dil acetic acid and as needles from water.
White flakes.
Crystals or flakes.
White to light brown solid flakes or powder.
Mild phenolic odor.
Weak medicine odor.
Reported BPs:  428 °F at 4 mmHg (NTP, 1992); 360.5 °C at 760 mm Hg; BP: 220 °C at 4 mm Hg; at 1.7kPa: 250-252 °C; 428 °F.
Reported MPs:  307 to 313 °F (NTP, 1992); 160 °C; MP: 150-155 °C (solidification range); 156 - 157 °C; 150-157 °C; 307-313 °F.
Hazardous decomposition products formed under fire conditions - Carbon oxides..
Decomposes above 8 mm pressure when heated above 220 °C..
When heated to decomposition it emits acrid and irritating fumes.","4,4'-ISOPROPYLIDENEDIPHENOL"
"6643","White crystals.
Colorless needles.
Reported BPs:  504.5 °F at 760 mmHg ; 280 °F at 15 mmHg; 491-513 °F (NTP, 1992); 262.5 °C; Boiling point: 248-250 °C at 740 mm Hg; 138.5 °C at 15 mm Hg; 112-120 °C at 3 mm Hg.
Reported MPs:  190 to 205 °F (NTP, 1992); 94-95 °C","P-TERT-AMYLPHENOL"
"667493","CRYSTALS.
PLATES FROM WATER.
WHITE, CRYSTALLINE POWDER.
ODORLESS.
Reported MPs:  570 to 577 °F (Decomposes) (NTP, 1992)","METHYLTHIOURACIL"
"6720","Pale yellow crystals.
Colorless needles.
Fine needles from alcohol, platelets from carbon disulfide.
Cream crystals.
Musty odor.
Reported BPs:  622 °F at 760 mmHg (with some decomposition) (NTP, 1992); 328 °C at 760 mm Hg with some decomposition; 328 °C; 622 °F.
Reported MPs:  295 °F (NTP, 1992); 144 °C; Pale yellow crystals. 99% pure. MP: 142-145 °C /Technical grade/; 146 °C; 295 °F","QUINTOZENE"
"6777","White granular solid.
White, crystalline solid.
Prisms from alcohol.
Mildly aromatic odor.
Reported BPs:  392 to 455 °F at 4 mmHg (NTP, 1992); BP: 224 °C at 4 mm Hg; at 0.5kPa: 222-228 °C.
Reported MPs:  144 to 149 °F (NTP, 1992); 66 °C.
Thermal decomposition products of dicyclohexyl phthalate (major constituent of the film label adhesive are cyclohexanol, cyclohexyl ether, phthalic anhydride and cyclohexyl benzoate..
When heated to decomp it emits acrid smoke and irritating vapors.","1,2-BENZENEDICARBOXYLIC ACID, DICYCLOHEXYL ESTER"
"6781","Colorless oily liquid.
Colorless to water-white, oily liquid..
Practically odorless.
Odorless.
Very slight, aromatic odor..
Reported BPs:  568 °F at 760 mmHg (NTP, 1992); 295 °C; 563 °F.
Reported MPs:  27 °F (NTP, 1992); -40.5 °C; -67 - -44 °C; -41 °F.
When heated to decomp it emits acrid smoke and irritating fumes.","DIETHYL PHTHALATE"
"6786","Clear, oily liuid.
Slightly aromatic.
Reported BPs:  662 °F at 735 mmHg (NTP, 1992); 210 °C at 5 mm Hg; 662 °F at 735 mmHg.
Reported MPs:  -72 °F (NTP, 1992); -58 °C; -72 °F","DI-N-HEXYLPHTHALATE"
"6901","Clear, colorless liquid.
Mild, turpentine-like odor..
Reported BPs:  419 °F at 760 mmHg (NTP, 1992); 215 °C @ 760 mm Hg; 212 °C; 419 °F.
Reported MPs:  -6 °F (NTP, 1992); -21 °C; -18 °C; -6 °F.
When heated to decomposition it emits very toxic fumes of /chlorine/ Cl-.","HEXACHLORO-1,3-BUTADIENE"
"6945","Yellow crystals.
Monoclinic needles.
Reported BPs:  475 °F at 760 mmHg (NTP, 1992); 245.5 °C; 246 °C.
Reported MPs:  90 to 91 °F (NTP, 1992); 32 °C; 33 °C","1-CHLORO-2-NITROBENZENE"
"702","Clear, colorless, very mobile liquid.
Pleasant.
Fragrant odor.
Alcohol odor.
Weak, ethereal, vinous odor.
Reported BPs:  173.3 °F at 760 mmHg (NTP, 1992); 78.2 °C; 78.24 °C; 78 °C; 173 °F.
Reported MPs:  -173.4 °F (NTP, 1992); -114.1 °C; -114.14 °C; -114  °C; -173 °F","ETHANOL"
"7239","Colorless liquid.
Colorless to pale-yellow liquid ....
Pleasant odor.
... Pleasant, aromatic odor.
Reported BPs:  356.9 °F at 760 mmHg (NTP, 1992); 180.1 °C at 760 mm Hg; 180-183 °C; 357 °F.
Reported MPs:  1 °F (NTP, 1992); -16.7 °C; -17 °C; 1 °F.
When heated to decomposition it emits toxic /hydrogen/ chloride fumes.","1,2-DICHLOROBENZENE"
"7240","Amber liquid.
Water-white to tan liquid.
Colorless liquid.
Characteristic sweet odor.
Amine odor.
Reported BPs:  406 to 410 °F at 760 mmHg (NTP, 1992); 208.8 °C; 209 °C.
Reported MPs:  28.5 °F (NTP, 1992); -14 °C; -2 °C.
When heated to decomposition, it emits toxic fumes of /hydrogen chloride and nitrogen oxides/.","1-AMINO-2-CHLOROBENZENE"
"7257","NEEDLES FROM PETROLEUM ETHER.
LIGHT BROWN CRYSTALS /DICHLOROANILINES/.
Reported BPs:  522 °F at 760 mmHg (NTP, 1992); 272 °C.
Reported MPs:  162 °F (NTP, 1992); 71-72 °C; 72 °C.
WHEN HEATED TO DECOMP ... THEY EVOLVE HIGHLY TOXIC /HYDROGEN/ CHLORIDE FUMES. SOME ORG CHLORIDES DECOMP TO YIELD PHOSGENE. /CHLORIDES/.
340 °C. Decomposes on burning. This produces toxic fumes including nitrogen oxides and hydrogen chloride (see ICSC 0163).","1-AMINO-3,4-DICHLOROBENZENE"
"7280","Colorless liquid when pure.
PUNGENT ODOR.
Pungent odor at high concentrations..
Reported BPs:  385 °F at 760 mmHg (NTP, 1992); 164.5 °C at 300 mm Hg; 196 °C; 384 °F.
Reported MPs:  43 °F (NTP, 1992); 5 °C; 6 °C; 43 °F.
195.5 °C at 760 mm Hg, with decomp","1,2-DIBROMO-3-CHLOROPROPANE (DBCP)"
"7393","Needles from water.
Needles from lignin.
White crystals.
Crystals, needles, or practically white flakes.
Distinctive odor.
Reported BPs:  463.1 °F at 760 mmHg (NTP, 1992); 239 °C; 237.00 °C. @ 760.00 mm Hg; 237 °C; 463.1 °F.
Reported MPs:  214 °F (NTP, 1992); 98 °C; 99 °C; 214 °F.
When heated to decomposition it emits acrid and irritating fumes..
Hazardous decomposition products formed under fire conditions: Carbon oxides","1-HYDROXY-4-TERT-BUTYLBENZENE"
"7473","Yellowish crystals.
Colorless rhombic needles.
Orthorhombic crystals from alcohol and ether.
Crystalline solid.
Bitter almond.
Weak aromatic odor.
Reported BPs:  460.9 °F at 760 mmHg (NTP, 1992); 238.3 °C; Boiling point: 105 °C at 9 mm Hg; 238 °C; 460 °F.
Reported MPs:  130.1 °F (NTP, 1992); 51.7 °C; 53-54 °C; 126 °F.
The substance decomposes on heating producing toxic fumes /of/ (nitrogen oxides)..
Energy of decomposition ( in range 300-420 C) was measured as 1.74 kJ/g by differential scanning calorimetry, and temperature of adiabatic storage which gives an induction time to exothermic decomposition of 24 hours was determined as 232 C by adiabatic Dewar tests, with an apparent energy of activation of 162 kJ/mol. Energy of decomposition of pure 4-nitrotoluene in the range 240-460 C was determined by micro differential scanning calorimetry as 3.52 kJ/g, peaking at 409 C..
Decomposes violently at 279 °C and will burn even in absence of air.","1-METHYL-4-NITROBENZENE"
"7500","Colorless liquid.
Aromatic odor.
Pungent odor.
Sweet, gasoline-like odor.
Reported BPs:  277.2 °F at 760 mmHg (NTP, 1992); 136.2 °C; 136 °C; 277 °F.
Reported MPs:  -139 °F (NTP, 1992); -94.95 °C; -95 °C; -139 °F.
Hazardous decomposition products formed under fire conditions - Carbon oxides..
When heated to decomposition it emits acrid smoke and irritating fumes.","ETHYLBENZENE"
"7501","Colorless to yellowish, oily liquid.
Viscous liquid.
Characteristic, sweet, balsamic, almost floral odor that is extremely penetrating.
Aromatic odor.
Sweet, floral odor.
If pure, sweet and pleasant, but usually contains aldehydes that have a typical penetrating smell, sharp, sweet, and unpleasant..
Reported BPs:  293 to 295 °F at 760 mmHg (NTP, 1992); 145.3 °C; 145.00 to 146.00 °C. @ 760.00 mm Hg; 145 °C; 293 °F.
Reported MPs:  -24 to -23 °F (NTP, 1992); -30.65 °C; Latent heat of fusion: 10.95 kJ/mole (at melting point); Latent heat of sublimation: 43.9 kJ/mole (25 °C); Heat of formation: 103.8 kJ/mole (25 °C); Ionization potential: 8.42 eV; -33 °C; -30.6 °C; -23 °F.
Hazardous decomposition products formed under fire conditions - Carbon oxides..
When heated to decomposition it emits acrid smoke and irritating fumes.","STYRENE"
"7579","Colorless crystals.
Reported BPs:  Sublimes (NTP, 1992); >300 °C.
Reported MPs:  367 to 369 °F (NTP, 1992); 189 °C (decomposes.
When heated to decomposition it emits toxic fumes of /nitrogen oxides/.","4,4'-DIAMINODIPHENYL ETHER"
"7641","COLORLESS OR VERY PALE AMBER LIQ.
Light colored, oily liquid..
SLIGHT AROMATIC SMELL.
Odorless.
Mild.
Reported BPs:  783 °F at 760 mmHg (NTP, 1992); 214 °C @ 5 mm Hg; 416.00 to 418.00 °C. @ 760.00 mm Hg.
Reported MPs:  -90 °F (NTP, 1992); -67.8 °C.
When heated to decomposition it emits acrid smoke and irritating fumes.","BIS(2-ETHYLHEXYL) ADIPATE"
"768","Colorless gas or liquid.
Water-white liquid below 26.5 °C.
Colorless or pale-blue liquid or gas (above 78 °F) ... [Note: Often used as a 96% solution in water].
Bitter almond odor.
... Bitter, almond-like odor..
Reported BPs:  78 °F at 760 mmHg (96%) (NIOSH, 2024); 25.63 °C; 79.00 °C. @ 0.00 mm Hg; 26 °C; 78 °F (96%).
Reported MPs:  7 °F (96%) (NIOSH, 2024); -13.28 °C; 5.00 °C. @ 0.00 mm Hg; -13 °C; 7 °F (96%)","HYDROGEN CYANIDE"
"7693","Colorless to slightly yellow liquid or crystals.
White solid or crystals.
Reported BPs:  204 °C; BP: 116 °C at 45 mm Hg.
Reported MPs:  31.3 °C.
When heated to decomposition it emits toxic fumes of /hydrogen chloride, hydrogen cyanide and nitrogen oxides/.","P-CHLOROPHENYL ISOCYANATE"
"7835","Colorless liquid.
Odor is sweet, pungent or chloroform-like ... generally perceived as a slightly irritating chloroformlike odor.
Pungent, garlic-like odor.
Reported BPs:  241.7 °F at 760 mmHg (EPA, 1998); 117.9 °C; 116 °C; 242 °F.
Reported MPs:  -54.4 to -14.1 °F (EPA, 1998); -25.6 °C; -57.2 °C; -48 °C; -54 °F.
When heated to decomp, emits toxic fumes of /hydrogen chloride/.","EPICHLOROHYDRIN"
"7839","Heavy liquid.
Colorless liquid or solid (below 50 degrees F).
Chloroform odor.
Sweetish odor.
Reported BPs:  268 to 270 °F at 760 mmHg (NTP, 1992); 131.3 °C; 131 °C; 268 °F.
Reported MPs:  49.9 °F (NTP, 1992); 9.8 °C; 10 °C; 50 °F.
Hazardous decomposition products formed under fire conditions - Carbon oxides, hydrogen bromide gas..
At 240-270 °C in a glass vessel, ethylene bromide decomposes into vinyl bromide & hydrogen bromide..
Toxic gases & vapors (such as hydrogen bromide, bromine, & carbon monoxide) may be released when ethylene dibromide decomposes..
When heated to decomp ... emits toxic fumes of /hydrogen bromide/..
Decomposed by alkalis & by light.","1,2-DIBROMOETHANE"
"8019","Colorless liquid.
Mild agreeable odor.
Ether-like odor.
Reported BPs:  257 °F at 768 mmHg (NTP, 1992); 124.1 °C; 125 °C; 256 °F.
Reported MPs:  -121.2 °F (NTP, 1992); -85.1 °C; -85 °C; -121 °F.
Thermal decomposition 204 - 232 °C.
Hazardous decomposition products: Hazardous decomposition products formed under fire conditions. - Carbon oxides.","ETHYLENE GLYCOL MONOMETHYL ETHER"
"8028","Colorless, mobile liquid.
Water-white liquid.
Colorless liquid.
Ether-like odor.
FAINT FRUITY ODOR.
Reported BPs:  151 °F at 760 mmHg (NTP, 1992); 65 °C; 65.00 °C. @ 760.00 mm Hg; 66 °C; 151 °F.
Reported MPs:  -163.3 °F (NTP, 1992); -108.44 °C; -108.3 °C; -108.5 °C; -163.3 °F; -163 °F.
When heated to decomposition it emits acrid smoke & irritating fumes..
Upon contact with air, THF may decompose into explosive peroxides & carbon monoxide.","TETRAHYDROFURAN"
"8030","COLORLESS LIQUID.
SLIGHT AROMATIC ODOR RESEMBLING BENZENE.
Reported BPs:  183.9 °F at 760 mmHg (NTP, 1992); 84.0 °C @ 760 MM HG; 84.00 °C. @ 760.00 mm Hg; 84 °C.
Reported MPs:  -36.8 °F (NTP, 1992); -39.4 °C; -38.3 °C; -38 °C.
WHEN HEATED TO DECOMPOSITION IT EMITS HIGHLY TOXIC FUMES OF SULFUR OXIDES..
May be heated to 850 °C without decomposition.","THIOPHENE"
"807","Bluish-black scales or plates; diatomic; violet vapor.
Rhombic, violet-black crystals with metallic luster.
Bluish-black, lustrous solid.
Violet solid..
Heavy, grayish-black plates or granules having a metallic luster.
Sharp characteristic odor..
Irritating odor.
Reported BPs:  365 °F at 760 mmHg (NIOSH, 2024); 184.4 °C; 184 °C; 365 °F.
Reported MPs:  236 °F (NIOSH, 2024); 113.7 °C; 113.6 °C; 114 °C; 236 °F.
When heated to decomposition it emits toxic fumes of /hydrogen iodide/ and various iodine compounds.","IODINE"
"8076","Colorless liquid.
Sweet, pleasant, ether-like odor.
Mild, agreeable odor.
Practically odorless.
Reported BPs:  275 °F at 760 mmHg (NTP, 1992); 135 °C; 135.7 °C; 135.00 °C. @ 760.00 mm Hg; 275 °F.
Reported MPs:  -94 °F (NTP, 1992); -70 °C; -94 °F; -130 °F.
Hazardous decomposition products formed under fire conditions. - Carbon oxides","ETHYLENE GLYCOL MONOETHYL ETHER"
"8133","Colorless liquid.
Mild, ether-like odor.
Slight, rancid odor.
Weak, pleasant odor.
Characteristic; quality: sweet, ester; hedonic tone: pleasant.
Reported BPs:  340 °F at 743 mmHg (NTP, 1992); 168.4 °C; 168.40 °C. @ 760.00 mm Hg; 171 °C; 339 °F.
Reported MPs:  -94 °F (NTP, 1992); -74.8 °C; -75 °C; -107 °F.
When heated to decomposition it emits acrid smoke and irritating fumes.","ETHYLENE GLYCOL MONOBUTYL ETHER"
"8134","Colorless liquid.
Water-white liquid.
Light yellow clear liquid.
Slight or pleasant smell /Solvents/.
Ether-like odor.
Reported BPs:  381 °F at 760 mmHg (NTP, 1992); 193 °C; 381 °F.
Reported MPs:  -94 °F (NTP, 1992); Less than -84 °C; -94 °F.
When heated to decomposition it emits acrid smoke and irritating fumes.","DIETHYLENE GLYCOL MONOMETHYL ETHER"
"8268","Colorless solid.
Crystals from petroleum ether.
Solids have slight characteristic odor.
Liquid has odor of the solvent (xylene).
Reported BPs:  437 °F at 760 mmHg (NTP, 1992); 180 °C at 0.1 mm Hg.
Reported MPs:  173.3 to 175.1 °F (NTP, 1992); 77.5 °C; 77-78 °C.
Dangerous: when heated to decomposition ... they evolve highly toxic /hydrogen/ chloride fumes. /chlorides/","DICOFOL"
"8343","Liquid.
Colorless, oily liquid.
Slight odor.
Reported BPs:  723 °F at 760 mmHg (NTP, 1992); 384 °C; BP: 231 °C at 5 mm Hg; 385 °C; 727 °F.
Reported MPs:  -58 °F (NTP, 1992); -55 °C; -50 °C; -58 °F.
When heated to decomp it emits acrid smoke.","BIS(2-ETHYLHEXYL)PHTHALATE"
"8346","Clear, oily liquid.
Liquid at room temperature.
Reported BPs:  428 °F at 760 mmHg (NTP, 1992); BP: 220 °C at 2 mm Hg; 428 °F.
Reported MPs:  -13 °F (NTP, 1992); 25 °C; -13 °F.
When heated to decomp it emits acrid smoke and irritating fumes.","DI-N-OCTYL PHTHALATE"
"8370","White needles.
Colorless and sublimable prismatic crystals.
Colorless crystals.
Reported BPs:  612 °F at 760 mmHg (sublimes) (NTP, 1992); 325 °C; 323-326 °C; 612 °F.
Reported MPs:  441 to 444 °F (NTP, 1992); 228.83 °C; MP: 200 °C /Technical product/; 226 °C; 231 °C; 441-444 °F.
Dangerous; When heated to decomposition, emits toxic fumes of /hydrogen chloride/.","HEXACHLOROBENZENE"
"8379","Liquid.
Reported BPs:  greater than 545 °F at 5 mmHg (NTP, 1992); 285 °C at 3.5 mm Hg.
Reported MPs:  less than -34.6 °F (USCG, 1999).
When heated to decomp it emits acrid smoke and irritating fumes.","1,2-BENZENEDICARBOXYLIC ACID, DITRIDECYL ESTER"
"8418","Monoclinic plates from alcohol recrystallization; when pure, colorless with violet fluorescence.
Tablets or monoclinic prisms from alcohol.
Yellow crystals with blue fluorescence.
Pale yellow leaves.
Weak aromatic odor.
Reported BPs:  644 °F at 760 mmHg (corrected); 439.7 °F at 53 mmHg, sublimes (NTP, 1992); 341.3 °C; 342 °C; 644 °F.
Reported MPs:  421 to 424 °F (NTP, 1992); 216 °C; 218 °C; 421-424 °F.
Hazardous decomposition products formed under fire conditions - Carbon oxides..
Decomposes on heating. Decomposes under the influence of strong oxidants. This produces acrid, toxic fume. This generates fire and explosion hazard.","ANTHRACENE"
"8449","COLORLESS CRYSTALS OR NEEDLES.
Hexagonal needles from benzene.
White ... solid.
Pale yellow solid.
Strong medicinal.
Reported BPs:  410 °F at 760 mmHg (NTP, 1992); 210 °C; 210.0 °C.
Reported MPs:  113 °F (NTP, 1992); 45 °C; 45.0 °C.
When heated to decomposition ... it emits highly toxic fumes of /hydrogen chloride/.","2,4-DICHLOROPHENOL"
"8478","COLORLESS CRYSTALS.
MILD ODOR.
Reported MPs:  327 to 331 °F (NTP, 1992); 164-166 °C (HOT STAGE); EUTECTIC TEMP: PHENANTHRENE 86 °C; BENZANTHRENE 98 °C; 160-165 °C.
When heated to decomposition it emits very toxic fumes of /hydrogen choride and nitrogen oxides/.","BENZETHONIUM CHLORIDE"
"8559","Reported BPs:  579 to 581 °F at 760 mmHg (NTP, 1992)","DIPROPYL PHTHALATE"
"8561","Colorless, oily liquid.
Nearly odorless.
Reported BPs:  648 °F at 760 mmHg (NTP, 1992); 342 °C.
Reported MPs:  less than -67 °F (NTP, 1992); FP: less than -55 °C.
When heated to decomposition it emits acrid smoke and irritating fumes.","DI-N-PENTYL PHTHALATE"
"8722","Crystals from hot chloroform + alcohol.
White when pure.
Colorless powder.
Crystalline white solid.
Odorless when pure.
Reported MPs:  482 °F (NTP, 1992); 246 °C; MP: 250 °C (crystals); 148 °C (dust).; MP: 240-244 °C /Technical/; 240-250 °C.
When heated to decomposition it emits very toxic fumes of /nitrogen oxides and sulfur oxides/.","ZIRAM"
"8765","Needles (from water).
Reported MPs:  226 to 228 °F (NTP, 1992); 108.5 °C","4,4'-DIAMINODIPHENYL SULFIDE"
"8814","White solid.
Reported BPs:  279 °C.
Reported MPs:  85 °C; 84.5 °C.
When heated to decomposition it emits acrid smoke and irritating fumes.","4-(1,1,3,3-TETRAMETHYLBUTYL)PHENOL"
"91650","Colorless crystals.
Reported MPs:  96.3 °C; 88 - 89 °C","PYRIMETHANIL"
"9321","Colorless oily liquid.
Colorless fuming, oily liquid ... (Note: A solid below 36 °F).
Anhydrous hydrazine is a waxy solid..
Penetrating odor resembling ammonia..
Ammonia-like odor.
Reported BPs:  236.3 °F at 760 mmHg (EPA, 1998); 113.55 °C; Contracts on freezing. ...One gallon of commercial product weighs 8.38 lbs. ...Dissolves many inorganic substances. ...Forms an azeotropic mixture with water, boiling point (at 760 mm Hg) 120.3 °C, which contains 55 mole-% (68.5 weight-%) N2H4.; BP: 56 °C at 71 mm Hg; 170 deg at 5 atm; 200 °C at 10 atm; 236 °C at 20 atm; 114 °C; 236.3 °F; 236 °F.
Reported MPs:  36 °F (EPA, 1998); 1.54 °C; MP: 127 °C; soluble in water at 25 °C /Hydrazine monohydroiodide/; 2 °C; 36 °F.
Hazardous decomposition products formed under fire conditions - Nitrogen oxides (NOx)..
On contact with metal catalysts (e.g., platinum black; Raney nickel; copper-iron oxide; molybdenum; molybdenum oxides; iridium), it decomposes to ammonia, hydrogen and nitrogen gases which may ignite or explode..
When heated to decomposition it emits highly toxic fumes of /nitrogen oxide/ and /ammonia/..
Air or oxygen is not required for decomposition. ... Decomposes at room temperature or above depending on surface contacted..
The pure compound decomposes on heating or when exposed to ultraviolet radiation to form ammonia, hydrogen, and nitrogen. This reaction may be explosive, especially when catalysed by certain metals and metal oxides..
Decomposition of aqueous hydrazine occurs in the presence of metal catalysts such as platinum or Raney nickel.","HYDRAZINE"
"9411","White crystalline solid.
White to light-tan crystalline solid.
Colorless to white, crystalline solid [Note: Commercially available as a wettable powder or in liquid formulations].
Odorless.
Reported BPs:  Sublimes (NIOSH, 2024); sublimes; Sublimes.
Reported MPs:  317 °F (Sublimes) (NIOSH, 2024); 158 °C; 158-160 °C; 317 °F (sublimes); 317 °F (Sublimes).
... Decomposes slowly in strong acids..
When heated to decomp it emits very toxic fumes of /hydrogen bromide and nitrogen oxides/.","BROMACIL"
"949","Pale-yellow, oily liquid [Note: A solid below 36 degrees F].
Yellowish to brownish, oily liquid.
Amine-like odor.
Reported BPs:  381 °F at 760 mmHg (NTP, 1992); 193 °C; 192-194 °C; 378 °F.
Reported MPs:  36.4 °F (NTP, 1992); 2.1 °C; 2.5 °C; 36 °F.
When heated to decomposition it emits highly toxic fumes of aniline and NOx.","N,N-DIMETHYLANILINE"
"9502","White crystalline solid.
Colorless crystals.
Fine flakes or coarse powder.
ODORLESS.
Reported MPs:  93-94 °C.
When heated to decomposition it emits very toxic fumes of /hydrogen chloride and nitrogen oxides/.","LINURON"
"9570071","Crystals from isopropyl ether.
Slightly sulfurous odor.
Reported BPs:  Decomposes (NTP, 1992); decomposes.
Reported MPs:  210 to 214 °F (EPA, 1998); 99-100 °C; 100 °C; 210-214 °F.
When heated to decomposition it emits very toxic fumes of /nitrogen oxides and sulfur oxides/..
... Decomposes rapidly in alkaline media & at temperatures above 100 °C..
Rapidly converted by oxidizing agents to the sulfoxide, which is more slowly oxidized to the sulfone (aldoxycarb q.v.).","ALDICARB"
"969491","COLORLESS CRYSTALS.
Light-tan, flaked solid.
White, crystalline substance.
Colorless to light-tan crystals..
Mild, chemical odor..
Reported BPs:  Decomposes (NIOSH, 2024); Decomposes.
Reported MPs:  349 to 351 °F (NTP, 1992); 175.5 °C; 175-176 °C; 349 °F.
When heated to decomposition, emits toxic fumes of /hydrogen chloride/.","DIELDRIN"
"9703","Reported MPs:  433 °F (decomposes) (NTP, 1992)","PROCARBAZINE HYDROCHLORIDE"
"991","The pure material is a yellowish liquid at temperatures above 6 °C.
Pale-yellow to dark-brown liquid ... [Note: A solid below 43 degrees F. Pesticide that may be absorbed on a dry carrier]..
Pale yellow liquid.
Deep brown to yellow liquid.
Usually has a faint odor.
... Garlic-like odor ....
Phenol-like odor.
Reported BPs:  707 °F at 760 mmHg (EPA, 1998); 375 °C AT 760 MM HG; 375 °C; 707 °F.
Reported MPs:  43 °F (EPA, 1998); 6.1 °C; 6 °C; 43 °F.
Toxic gases and vapors (such as carbon monoxide, oxides of nitrogen, phosphorus, and sulfur) may be released when parathion ... /undergoes decomposition/.","PARATHION"
"992","White monoclinic, crystalline solid.
Needle-like crystals.
Colorless to white crystalline solid.
Phenolic odor.
Very pungent odor, only when hot.
Benzene-like odor.
Reported BPs:  588 to 590 °F at 760 mmHg (with decomposition) (NTP, 1992); 309-310 °C (decomposes); 588 °F (decomposes); 588 °F (Decomposes).
Reported MPs:  376 °F (NTP, 1992); 174 °C; 191 °C; 374 °F.
Hydrogen chloride, chlorinated phenols, and carbon monoxide may be released upon decomposition..
Not combustible but if involved in a fire decomposes to produce hydrogen chloride and other irritants and toxic gases..
The thermal decomposition of PCP or Na-PCP yields significant amounts of PCDDs /polychlorinated dibenzodioxins/ and PCDFs /polychlorinated dibenzofurans/, depending on the thermolytic conditions.  For pure PCP, dimerization of PCP has been suggested as an underlying reaction process; in technical PCP, additional reactions, i.e., dechlorination of higher chlorinated PCDDs and cyclization of predioxins are involved in forming various and different PCDD isomers..
309 °C","PENTACHLOROPHENOL"
